fold,BA
0,0.9363636363636363
1,0.9171717171717171
2,0.7825174825174825
3,0.8797619047619047
4,0.8390374331550802
