fold,BA
0,0.6972332015810276
1,0.5961038961038961
2,0.6975524475524475
3,0.6805124223602484
4,0.7073593073593074
